<?xml version="1.0" encoding="UTF-8"?>
<GenRun Id="synth_1" LaunchPart="xc7a35tcpg236-1" LaunchTime="1675200568">
  <File Type="PA-TCL" Name="top_level.tcl"/>
  <File Type="REPORTS-TCL" Name="top_level_reports.tcl"/>
  <File Type="RDS-RDS" Name="top_level.vds"/>
  <File Type="RDS-UTIL" Name="top_level_utilization_synth.rpt"/>
  <File Type="RDS-UTIL-PB" Name="top_level_utilization_synth.pb"/>
  <File Type="RDS-DCP" Name="top_level.dcp"/>
  <FileSet Name="sources" Type="DesignSrcs" RelSrcDir="$PSRCDIR/sources_1">
    <Filter Type="Srcs"/>
    <File Path="$PSRCDIR/sources_1/new/EdgeDetector.v">
      <FileInfo>
        <Attr Name="ImportPath" Val="$PPRDIR/../../../../../Downloads/Lab3_ring_counter.xpr/Lab3_count4_bitch/Lab3_count4_bitch.srcs/sources_1/new/EdgeDetector.v"/>
        <Attr Name="ImportTime" Val="1675200560"/>
        <Attr Name="UsedIn" Val="synthesis"/>
        <Attr Name="UsedIn" Val="implementation"/>
        <Attr Name="UsedIn" Val="simulation"/>
      </FileInfo>
    </File>
    <File Path="$PSRCDIR/sources_1/new/RingCounter.v">
      <FileInfo>
        <Attr Name="ImportPath" Val="$PPRDIR/../../../../../../../../../../OneDrive/Documents/CSE100/Lab3_sel_yay.xpr/Lab3_count4_bitch/Lab3_count4_bitch.srcs/sources_1/new/RingCounter.v"/>
        <Attr Name="ImportTime" Val="1675176772"/>
        <Attr Name="UsedIn" Val="synthesis"/>
        <Attr Name="UsedIn" Val="implementation"/>
        <Attr Name="UsedIn" Val="simulation"/>
      </FileInfo>
    </File>
    <File Path="$PSRCDIR/sources_1/new/countUD16L.v">
      <FileInfo>
        <Attr Name="ImportPath" Val="$PPRDIR/../../../../../../../../../../../../../Downloads/Lab3_count4_bitch.srcs/sources_1/new/countUD16L.v"/>
        <Attr Name="ImportTime" Val="1674878218"/>
        <Attr Name="UsedIn" Val="synthesis"/>
        <Attr Name="UsedIn" Val="implementation"/>
        <Attr Name="UsedIn" Val="simulation"/>
      </FileInfo>
    </File>
    <File Path="$PSRCDIR/sources_1/imports/new/counter.v">
      <FileInfo>
        <Attr Name="ImportPath" Val="$PPRDIR/../../../../../../../../../../../../../Lab3/Lab3.srcs/sources_1/new/counter.v"/>
        <Attr Name="ImportTime" Val="1674814857"/>
        <Attr Name="UsedIn" Val="synthesis"/>
        <Attr Name="UsedIn" Val="implementation"/>
        <Attr Name="UsedIn" Val="simulation"/>
      </FileInfo>
    </File>
    <File Path="$PSRCDIR/sources_1/imports/Downloads/Lab_2.xpr/Lab_2/Lab_2.srcs/sources_1/new/hex7seg.v">
      <FileInfo>
        <Attr Name="ImportPath" Val="$PPRDIR/../../../../../Downloads/Lab_2.xpr/Lab_2/Lab_2.srcs/sources_1/new/hex7seg.v"/>
        <Attr Name="ImportTime" Val="1674175154"/>
        <Attr Name="UsedIn" Val="synthesis"/>
        <Attr Name="UsedIn" Val="implementation"/>
        <Attr Name="UsedIn" Val="simulation"/>
      </FileInfo>
    </File>
    <File Path="$PSRCDIR/sources_1/imports/Downloads/labCnt_clks.v">
      <FileInfo>
        <Attr Name="ImportPath" Val="$PPRDIR/../../../../../Downloads/labCnt_clks.v"/>
        <Attr Name="ImportTime" Val="1675188569"/>
        <Attr Name="UsedIn" Val="synthesis"/>
        <Attr Name="UsedIn" Val="implementation"/>
        <Attr Name="UsedIn" Val="simulation"/>
      </FileInfo>
    </File>
    <File Path="$PSRCDIR/sources_1/new/selector.v">
      <FileInfo>
        <Attr Name="ImportPath" Val="$PPRDIR/../../../../../../../../../../../../../Downloads/Lab3_count4_bitch.srcs/sources_1/new/selector.v"/>
        <Attr Name="ImportTime" Val="1674882468"/>
        <Attr Name="UsedIn" Val="synthesis"/>
        <Attr Name="UsedIn" Val="implementation"/>
        <Attr Name="UsedIn" Val="simulation"/>
      </FileInfo>
    </File>
    <File Path="$PSRCDIR/sources_1/new/top_level.v">
      <FileInfo>
        <Attr Name="ImportPath" Val="$PPRDIR/../../../../../Downloads/Lab3_ring_counter.xpr/Lab3_count4_bitch/Lab3_count4_bitch.srcs/sources_1/new/top_level.v"/>
        <Attr Name="ImportTime" Val="1675198702"/>
        <Attr Name="UsedIn" Val="synthesis"/>
        <Attr Name="UsedIn" Val="implementation"/>
        <Attr Name="UsedIn" Val="simulation"/>
      </FileInfo>
    </File>
    <File Path="$PSRCDIR/sources_1/imports/Lab3_count4_bitch/archive_project_summary.txt">
      <FileInfo>
        <Attr Name="ImportPath" Val="$PPRDIR/../../../../../../../../../../OneDrive/Documents/CSE100/Lab3_sel_yay.xpr/Lab3_count4_bitch/archive_project_summary.txt"/>
        <Attr Name="ImportTime" Val="1674882726"/>
      </FileInfo>
    </File>
    <File Path="$PSRCDIR/sources_1/imports/Downloads/Lab3_ring_counter.xpr/Lab3_count4_bitch/archive_project_summary.txt">
      <FileInfo>
        <Attr Name="ImportPath" Val="$PPRDIR/../../../../../Downloads/Lab3_ring_counter.xpr/Lab3_count4_bitch/archive_project_summary.txt"/>
        <Attr Name="ImportTime" Val="1675176888"/>
      </FileInfo>
    </File>
    <Config>
      <Option Name="DesignMode" Val="RTL"/>
      <Option Name="TopModule" Val="top_level"/>
      <Option Name="TopAutoSet" Val="TRUE"/>
    </Config>
  </FileSet>
  <FileSet Name="constrs_in" Type="Constrs" RelSrcDir="$PSRCDIR/constrs_1">
    <Filter Type="Constrs"/>
    <File Path="$PSRCDIR/constrs_1/imports/Downloads/Basys3_Master.xdc">
      <FileInfo>
        <Attr Name="ImportPath" Val="$PPRDIR/../../../../../Downloads/Lab_2.xpr/Lab_2/Lab_2.srcs/constrs_1/imports/Downloads/Basys3_Master.xdc"/>
        <Attr Name="ImportTime" Val="1675190824"/>
        <Attr Name="UsedIn" Val="synthesis"/>
        <Attr Name="UsedIn" Val="implementation"/>
      </FileInfo>
    </File>
    <Config>
      <Option Name="ConstrsType" Val="XDC"/>
    </Config>
  </FileSet>
  <FileSet Name="utils" Type="Utils" RelSrcDir="$PSRCDIR/utils_1">
    <Filter Type="Utils"/>
    <Config>
      <Option Name="TopAutoSet" Val="TRUE"/>
    </Config>
  </FileSet>
  <Strategy Version="1" Minor="2">
    <StratHandle Name="Vivado Synthesis Defaults" Flow="Vivado Synthesis 2019"/>
    <Step Id="synth_design"/>
  </Strategy>
</GenRun>
